tmc,road,direction,intersection,state,county,zip,start_latitude,start_longitude,end_latitude,end_longitude,miles,road_order,timezone_name,type,country,active_start_date,active_end_date
110N04167,I-66,EASTBOUND,VA-120/GLEBE RD,VA,ARLINGTON,22201,38.88535,-77.11869,38.88808,-77.11427,0.312208,59.0,America/New_York,P1.3,USA,2020-09-29 14:00:00-04:00,2021-03-30 14:00:00-04:00
110N04168,I-66,EASTBOUND,FAIRFAX DR/EXIT 71,VA,ARLINGTON,22205,38.8808,-77.12381,38.88283,-77.12064,0.221512,57.0,America/New_York,P1.3,USA,2020-09-29 14:00:00-04:00,2021-03-30 14:00:00-04:00
110N04169,I-66,EASTBOUND,SYCAMORE ST/EXIT 69,VA,ARLINGTON,22205,38.88563,-77.15636,38.88385,-77.151,0.313374,55.0,America/New_York,P1.3,USA,2020-09-29 14:00:00-04:00,2021-03-30 14:00:00-04:00
110+04167,I-66,WESTBOUND,VA-120/GLEBE RD,VA,ARLINGTON,22201,38.89347,-77.10077,38.88828,-77.1143,0.847384,12.0,America/New_York,P1.3,USA,2020-09-29 14:00:00-04:00,2021-03-30 14:00:00-04:00
110-04163,I-66,EASTBOUND,VA-110/EXIT 75,VA,ARLINGTON,22209,38.89709,-77.0684,38.89462,-77.06789,0.173875,66.0,America/New_York,P1.3,USA,2020-09-29 14:00:00-04:00,2021-03-30 14:00:00-04:00
110+04166,I-66,WESTBOUND,US-29/LEE HWY/EXIT 72,VA,ARLINGTON,22201,38.89748,-77.08487,38.896020008559,-77.099049988996,0.814508,10.0,America/New_York,P1.3,USA,2020-09-29 14:00:00-04:00,2021-03-30 14:00:00-04:00
110-04164,I-66,EASTBOUND,US-29/LEE HWY/EXIT 73,VA,ARLINGTON,22209,38.89734,-77.08488,38.89853,-77.07078,0.800441,64.0,America/New_York,P1.3,USA,2020-09-29 14:00:00-04:00,2021-03-30 14:00:00-04:00
110+04165,I-66,WESTBOUND,SCOTT ST,VA,ARLINGTON,22209,38.89865,-77.07077,38.89722,-77.08046,0.546378,8.0,America/New_York,P1.3,USA,2020-09-29 14:00:00-04:00,2021-03-30 14:00:00-04:00
110+04164,I-66,WESTBOUND,US-29/LEE HWY/EXIT 73,VA,ARLINGTON,22209,38.8957,-77.06782,38.89714,-77.06826,0.103042,6.0,America/New_York,P1.3,USA,2020-09-29 14:00:00-04:00,2021-03-30 14:00:00-04:00
110-04165,I-66,EASTBOUND,SCOTT ST,VA,ARLINGTON,22201,38.89348,-77.10056,38.89752,-77.08526,0.973677,62.0,America/New_York,P1.3,USA,2020-09-29 14:00:00-04:00,2021-03-30 14:00:00-04:00
110+04169,I-66,WESTBOUND,SYCAMORE ST/EXIT 69,VA,ARLINGTON,22205,38.88064,-77.12481,38.884149995611,-77.15076998695,1.476138,16.0,America/New_York,P1.3,USA,2020-09-29 14:00:00-04:00,2021-03-30 14:00:00-04:00
110+04168,I-66,WESTBOUND,FAIRFAX DR/EXIT 71,VA,ARLINGTON,22205,38.88535,-77.11888,38.88287,-77.12091,0.203571,14.0,America/New_York,P1.3,USA,2020-09-29 14:00:00-04:00,2021-03-30 14:00:00-04:00
110-04166,I-66,EASTBOUND,US-29/LEE HWY/EXIT 72,VA,ARLINGTON,22201,38.88808,-77.11427,38.8929,-77.10084,0.820946,60.0,America/New_York,P1.3,USA,2020-09-29 14:00:00-04:00,2021-03-30 14:00:00-04:00
110-04167,I-66,EASTBOUND,VA-120/GLEBE RD,VA,ARLINGTON,22205,38.88283,-77.12064,38.88535,-77.11869,0.203421,58.0,America/New_York,P1.3,USA,2020-09-29 14:00:00-04:00,2021-03-30 14:00:00-04:00
110-04168,I-66,EASTBOUND,FAIRFAX DR/EXIT 71,VA,ARLINGTON,22205,38.88385,-77.151,38.8808,-77.12381,1.550286,56.0,America/New_York,P1.3,USA,2020-09-29 14:00:00-04:00,2021-03-30 14:00:00-04:00
110P04172,I-66,WESTBOUND,WESTMORELAND ST/EXIT 68,VA,ARLINGTON,22213,38.89192,-77.16633,38.89299,-77.16753,0.098164,23.0,America/New_York,P1.3,USA,2020-09-29 14:00:00-04:00,2021-03-30 14:00:00-04:00
110-04169,I-66,EASTBOUND,SYCAMORE ST/EXIT 69,VA,ARLINGTON,22205,38.88709,-77.16044,38.885630003735,-77.156360011467,0.241735,54.0,America/New_York,P1.3,USA,2020-09-29 14:00:00-04:00,2021-03-30 14:00:00-04:00
110P04173,I-66,WESTBOUND,VA-267/EXIT 67,VA,FAIRFAX,22043,38.89974,-77.1822,38.90134,-77.18753,0.307757,25.0,America/New_York,P1.3,USA,2020-09-29 14:00:00-04:00,2021-03-30 14:00:00-04:00
110P04170,I-66,WESTBOUND,US-29/VA-237/EXIT 69,VA,ARLINGTON,22213,38.88727,-77.15978,38.8899,-77.1639,0.287776,19.0,America/New_York,P1.3,USA,2020-09-29 14:00:00-04:00,2021-03-30 14:00:00-04:00
110N04164,I-66,EASTBOUND,US-29/LEE HWY/EXIT 73,VA,ARLINGTON,22209,38.89853,-77.07078,38.89709,-77.0684,0.168258,65.0,America/New_York,P1.3,USA,2020-09-29 14:00:00-04:00,2021-03-30 14:00:00-04:00
110P04171,I-66,WESTBOUND,25TH ST,VA,ARLINGTON,22213,38.89013,-77.16417,38.89146,-77.16577,0.125872,21.0,America/New_York,P1.3,USA,2020-09-29 14:00:00-04:00,2021-03-30 14:00:00-04:00
110N04165,I-66,EASTBOUND,SCOTT ST,VA,ARLINGTON,22201,38.89752,-77.08526,38.89734,-77.08488,0.023921,63.0,America/New_York,P1.3,USA,2020-09-29 14:00:00-04:00,2021-03-30 14:00:00-04:00
110N04166,I-66,EASTBOUND,US-29/LEE HWY/EXIT 72,VA,ARLINGTON,22201,38.8929,-77.10084,38.89348,-77.10056,0.042801,61.0,America/New_York,P1.3,USA,2020-09-29 14:00:00-04:00,2021-03-30 14:00:00-04:00
110-04170,I-66,EASTBOUND,US-29/VA-237/EXIT 69,VA,ARLINGTON,22213,38.88988,-77.16447,38.88951,-77.16405,0.03413,52.0,America/New_York,P1.3,USA,2020-09-29 14:00:00-04:00,2021-03-30 14:00:00-04:00
110-04171,I-66,EASTBOUND,25TH ST,VA,ARLINGTON,22213,38.89142,-77.16633,38.89115,-77.16604,0.024311,50.0,America/New_York,P1.3,USA,2020-09-29 14:00:00-04:00,2021-03-30 14:00:00-04:00
110P04169,I-66,WESTBOUND,SYCAMORE ST/EXIT 69,VA,ARLINGTON,22205,38.88415,-77.15077,38.88454,-77.15194,0.06844,17.0,America/New_York,P1.3,USA,2020-09-29 14:00:00-04:00,2021-03-30 14:00:00-04:00
110-04172,I-66,EASTBOUND,WESTMORELAND ST/EXIT 68,VA,FAIRFAX,22046,38.89935,-77.18257,38.8926,-77.16777,0.9356,48.0,America/New_York,P1.3,USA,2020-09-29 14:00:00-04:00,2021-03-30 14:00:00-04:00
110+04170,I-66,WESTBOUND,US-29/VA-237/EXIT 69,VA,ARLINGTON,22205,38.88454,-77.15194,38.88727,-77.15978,0.461927,18.0,America/New_York,P1.3,USA,2020-09-29 14:00:00-04:00,2021-03-30 14:00:00-04:00
110P04167,I-66,WESTBOUND,VA-120/GLEBE RD,VA,ARLINGTON,22201,38.88828,-77.1143,38.88535,-77.11888,0.327552,13.0,America/New_York,P1.3,USA,2020-09-29 14:00:00-04:00,2021-03-30 14:00:00-04:00
110P04168,I-66,WESTBOUND,FAIRFAX DR/EXIT 71,VA,ARLINGTON,22205,38.88287,-77.12091,38.88064,-77.12481,0.260661,15.0,America/New_York,P1.3,USA,2020-09-29 14:00:00-04:00,2021-03-30 14:00:00-04:00
110P04165,I-66,WESTBOUND,SCOTT ST,VA,ARLINGTON,22201,38.89722,-77.08046,38.89748,-77.08487,0.253526,9.0,America/New_York,P1.3,USA,2020-09-29 14:00:00-04:00,2021-03-30 14:00:00-04:00
110P04166,I-66,WESTBOUND,US-29/LEE HWY/EXIT 72,VA,ARLINGTON,22201,38.89602,-77.09905,38.89347,-77.10077,0.200442,11.0,America/New_York,P1.3,USA,2020-09-29 14:00:00-04:00,2021-03-30 14:00:00-04:00
110P04163,I-66,WESTBOUND,VA-110/EXIT 75,VA,ARLINGTON,22209,38.89457,-77.06769,38.8957,-77.06782,0.078385,5.0,America/New_York,P1.3,USA,2020-09-29 14:00:00-04:00,2021-03-30 14:00:00-04:00
110+04173,I-66,WESTBOUND,VA-267/EXIT 67,VA,FAIRFAX,22046,38.89299,-77.16753,38.89974,-77.1822,0.927532,24.0,America/New_York,P1.3,USA,2020-09-29 14:00:00-04:00,2021-03-30 14:00:00-04:00
110P04164,I-66,WESTBOUND,US-29/LEE HWY/EXIT 73,VA,ARLINGTON,22209,38.89714,-77.06826,38.89865,-77.07077,0.176272,7.0,America/New_York,P1.3,USA,2020-09-29 14:00:00-04:00,2021-03-30 14:00:00-04:00
110+04172,I-66,WESTBOUND,WESTMORELAND ST/EXIT 68,VA,ARLINGTON,22213,38.89146,-77.16577,38.89192,-77.16633,0.043777,22.0,America/New_York,P1.3,USA,2020-09-29 14:00:00-04:00,2021-03-30 14:00:00-04:00
110+04171,I-66,WESTBOUND,25TH ST,VA,ARLINGTON,22213,38.8899,-77.1639,38.89013,-77.16417,0.021522,20.0,America/New_York,P1.3,USA,2020-09-29 14:00:00-04:00,2021-03-30 14:00:00-04:00
110N04170,I-66,EASTBOUND,US-29/VA-237/EXIT 69,VA,ARLINGTON,22213,38.88951,-77.16405,38.88709,-77.16044,0.257435,53.0,America/New_York,P1.3,USA,2020-09-29 14:00:00-04:00,2021-03-30 14:00:00-04:00
110N04171,I-66,EASTBOUND,25TH ST,VA,ARLINGTON,22213,38.89115,-77.16604,38.88988,-77.16447,0.121754,51.0,America/New_York,P1.3,USA,2020-09-29 14:00:00-04:00,2021-03-30 14:00:00-04:00
110N04172,I-66,EASTBOUND,WESTMORELAND ST/EXIT 68,VA,ARLINGTON,22213,38.8926,-77.16777,38.89142,-77.16633,0.112427,49.0,America/New_York,P1.3,USA,2020-09-29 14:00:00-04:00,2021-03-30 14:00:00-04:00
110N04173,I-66,EASTBOUND,VA-267/EXIT 67,VA,FAIRFAX,22043,38.90018,-77.18535,38.89935,-77.18257,0.160253,47.0,America/New_York,P1.3,USA,2020-09-29 14:00:00-04:00,2021-03-30 14:00:00-04:00
110N04167,I-66,EASTBOUND,VA-120/GLEBE RD,VA,ARLINGTON,22201,38.88535,-77.11869,38.88808,-77.11427,0.312208,59.0,America/New_York,P1.3,USA,2021-03-30 14:00:00-04:00,2022-03-22 14:00:00-04:00
110N04168,I-66,EASTBOUND,FAIRFAX DR/EXIT 71,VA,ARLINGTON,22205,38.8808,-77.12381,38.88283,-77.12064,0.221512,57.0,America/New_York,P1.3,USA,2021-03-30 14:00:00-04:00,2022-03-22 14:00:00-04:00
110N04169,I-66,EASTBOUND,SYCAMORE ST/EXIT 69,VA,ARLINGTON,22205,38.88563,-77.15636,38.88385,-77.151,0.313374,55.0,America/New_York,P1.3,USA,2021-03-30 14:00:00-04:00,2022-03-22 14:00:00-04:00
110+04167,I-66,WESTBOUND,VA-120/GLEBE RD,VA,ARLINGTON,22201,38.89347,-77.10077,38.88828,-77.1143,0.847384,12.0,America/New_York,P1.3,USA,2021-03-30 14:00:00-04:00,2022-03-22 14:00:00-04:00
110-04163,I-66,EASTBOUND,VA-110/EXIT 75,VA,ARLINGTON,22209,38.89709,-77.0684,38.89462,-77.06789,0.173875,66.0,America/New_York,P1.3,USA,2021-03-30 14:00:00-04:00,2022-03-22 14:00:00-04:00
110+04166,I-66,WESTBOUND,US-29/LEE HWY/EXIT 72,VA,ARLINGTON,22201,38.89748,-77.08487,38.896020008559,-77.099049988996,0.814508,10.0,America/New_York,P1.3,USA,2021-03-30 14:00:00-04:00,2022-03-22 14:00:00-04:00
110-04164,I-66,EASTBOUND,US-29/LEE HWY/EXIT 73,VA,ARLINGTON,22209,38.89734,-77.08488,38.89853,-77.07078,0.800441,64.0,America/New_York,P1.3,USA,2021-03-30 14:00:00-04:00,2022-03-22 14:00:00-04:00
110+04165,I-66,WESTBOUND,SCOTT ST,VA,ARLINGTON,22209,38.89865,-77.07077,38.89722,-77.08046,0.546378,8.0,America/New_York,P1.3,USA,2021-03-30 14:00:00-04:00,2022-03-22 14:00:00-04:00
110+04164,I-66,WESTBOUND,US-29/LEE HWY/EXIT 73,VA,ARLINGTON,22209,38.8957,-77.06782,38.89714,-77.06826,0.103042,6.0,America/New_York,P1.3,USA,2021-03-30 14:00:00-04:00,2022-03-22 14:00:00-04:00
110-04165,I-66,EASTBOUND,SCOTT ST,VA,ARLINGTON,22201,38.89348,-77.10056,38.89752,-77.08526,0.973677,62.0,America/New_York,P1.3,USA,2021-03-30 14:00:00-04:00,2022-03-22 14:00:00-04:00
110+04169,I-66,WESTBOUND,SYCAMORE ST/EXIT 69,VA,ARLINGTON,22205,38.88064,-77.12481,38.884149995611,-77.15076998695,1.476138,16.0,America/New_York,P1.3,USA,2021-03-30 14:00:00-04:00,2022-03-22 14:00:00-04:00
110+04168,I-66,WESTBOUND,FAIRFAX DR/EXIT 71,VA,ARLINGTON,22205,38.88535,-77.11888,38.88287,-77.12091,0.203571,14.0,America/New_York,P1.3,USA,2021-03-30 14:00:00-04:00,2022-03-22 14:00:00-04:00
110-04166,I-66,EASTBOUND,US-29/LEE HWY/EXIT 72,VA,ARLINGTON,22201,38.88808,-77.11427,38.8929,-77.10084,0.820946,60.0,America/New_York,P1.3,USA,2021-03-30 14:00:00-04:00,2022-03-22 14:00:00-04:00
110-04167,I-66,EASTBOUND,VA-120/GLEBE RD,VA,ARLINGTON,22205,38.88283,-77.12064,38.88535,-77.11869,0.203421,58.0,America/New_York,P1.3,USA,2021-03-30 14:00:00-04:00,2022-03-22 14:00:00-04:00
110-04168,I-66,EASTBOUND,FAIRFAX DR/EXIT 71,VA,ARLINGTON,22205,38.88385,-77.151,38.8808,-77.12381,1.550286,56.0,America/New_York,P1.3,USA,2021-03-30 14:00:00-04:00,2022-03-22 14:00:00-04:00
110P04172,I-66,WESTBOUND,WESTMORELAND ST/EXIT 68,VA,ARLINGTON,22213,38.89192,-77.16633,38.89299,-77.16753,0.098164,23.0,America/New_York,P1.3,USA,2021-03-30 14:00:00-04:00,2022-03-22 14:00:00-04:00
110-04169,I-66,EASTBOUND,SYCAMORE ST/EXIT 69,VA,ARLINGTON,22205,38.88709,-77.16044,38.885630003735,-77.156360011467,0.241735,54.0,America/New_York,P1.3,USA,2021-03-30 14:00:00-04:00,2022-03-22 14:00:00-04:00
110P04173,I-66,WESTBOUND,VA-267/EXIT 67,VA,FAIRFAX,22043,38.89974,-77.1822,38.90134,-77.18753,0.307757,25.0,America/New_York,P1.3,USA,2021-03-30 14:00:00-04:00,2022-03-22 14:00:00-04:00
110P04170,I-66,WESTBOUND,US-29/VA-237/EXIT 69,VA,ARLINGTON,22213,38.88727,-77.15978,38.8899,-77.1639,0.287776,19.0,America/New_York,P1.3,USA,2021-03-30 14:00:00-04:00,2022-03-22 14:00:00-04:00
110N04164,I-66,EASTBOUND,US-29/LEE HWY/EXIT 73,VA,ARLINGTON,22209,38.89853,-77.07078,38.89709,-77.0684,0.168258,65.0,America/New_York,P1.3,USA,2021-03-30 14:00:00-04:00,2022-03-22 14:00:00-04:00
110P04171,I-66,WESTBOUND,25TH ST,VA,ARLINGTON,22213,38.89013,-77.16417,38.89146,-77.16577,0.125872,21.0,America/New_York,P1.3,USA,2021-03-30 14:00:00-04:00,2022-03-22 14:00:00-04:00
110N04165,I-66,EASTBOUND,SCOTT ST,VA,ARLINGTON,22201,38.89752,-77.08526,38.89734,-77.08488,0.023921,63.0,America/New_York,P1.3,USA,2021-03-30 14:00:00-04:00,2022-03-22 14:00:00-04:00
110N04166,I-66,EASTBOUND,US-29/LEE HWY/EXIT 72,VA,ARLINGTON,22201,38.8929,-77.10084,38.89348,-77.10056,0.042801,61.0,America/New_York,P1.3,USA,2021-03-30 14:00:00-04:00,2022-03-22 14:00:00-04:00
110-04170,I-66,EASTBOUND,US-29/VA-237/EXIT 69,VA,ARLINGTON,22213,38.88988,-77.16447,38.88951,-77.16405,0.03413,52.0,America/New_York,P1.3,USA,2021-03-30 14:00:00-04:00,2022-03-22 14:00:00-04:00
110-04171,I-66,EASTBOUND,25TH ST,VA,ARLINGTON,22213,38.89142,-77.16633,38.89115,-77.16604,0.024311,50.0,America/New_York,P1.3,USA,2021-03-30 14:00:00-04:00,2022-03-22 14:00:00-04:00
110P04169,I-66,WESTBOUND,SYCAMORE ST/EXIT 69,VA,ARLINGTON,22205,38.88415,-77.15077,38.88454,-77.15194,0.06844,17.0,America/New_York,P1.3,USA,2021-03-30 14:00:00-04:00,2022-03-22 14:00:00-04:00
110-04172,I-66,EASTBOUND,WESTMORELAND ST/EXIT 68,VA,FAIRFAX,22046,38.89935,-77.18257,38.8926,-77.16777,0.9356,48.0,America/New_York,P1.3,USA,2021-03-30 14:00:00-04:00,2022-03-22 14:00:00-04:00
110+04170,I-66,WESTBOUND,US-29/VA-237/EXIT 69,VA,ARLINGTON,22205,38.88454,-77.15194,38.88727,-77.15978,0.461927,18.0,America/New_York,P1.3,USA,2021-03-30 14:00:00-04:00,2022-03-22 14:00:00-04:00
110P04167,I-66,WESTBOUND,VA-120/GLEBE RD,VA,ARLINGTON,22201,38.88828,-77.1143,38.88535,-77.11888,0.327552,13.0,America/New_York,P1.3,USA,2021-03-30 14:00:00-04:00,2022-03-22 14:00:00-04:00
110P04168,I-66,WESTBOUND,FAIRFAX DR/EXIT 71,VA,ARLINGTON,22205,38.88287,-77.12091,38.88064,-77.12481,0.260661,15.0,America/New_York,P1.3,USA,2021-03-30 14:00:00-04:00,2022-03-22 14:00:00-04:00
110P04165,I-66,WESTBOUND,SCOTT ST,VA,ARLINGTON,22201,38.89722,-77.08046,38.89748,-77.08487,0.253526,9.0,America/New_York,P1.3,USA,2021-03-30 14:00:00-04:00,2022-03-22 14:00:00-04:00
110P04166,I-66,WESTBOUND,US-29/LEE HWY/EXIT 72,VA,ARLINGTON,22201,38.89602,-77.09905,38.89347,-77.10077,0.200442,11.0,America/New_York,P1.3,USA,2021-03-30 14:00:00-04:00,2022-03-22 14:00:00-04:00
110P04163,I-66,WESTBOUND,VA-110/EXIT 75,VA,ARLINGTON,22209,38.89457,-77.06769,38.8957,-77.06782,0.078385,5.0,America/New_York,P1.3,USA,2021-03-30 14:00:00-04:00,2022-03-22 14:00:00-04:00
110+04173,I-66,WESTBOUND,VA-267/EXIT 67,VA,FAIRFAX,22046,38.89299,-77.16753,38.89974,-77.1822,0.927532,24.0,America/New_York,P1.3,USA,2021-03-30 14:00:00-04:00,2022-03-22 14:00:00-04:00
110P04164,I-66,WESTBOUND,US-29/LEE HWY/EXIT 73,VA,ARLINGTON,22209,38.89714,-77.06826,38.89865,-77.07077,0.176272,7.0,America/New_York,P1.3,USA,2021-03-30 14:00:00-04:00,2022-03-22 14:00:00-04:00
110+04172,I-66,WESTBOUND,WESTMORELAND ST/EXIT 68,VA,ARLINGTON,22213,38.89146,-77.16577,38.89192,-77.16633,0.043777,22.0,America/New_York,P1.3,USA,2021-03-30 14:00:00-04:00,2022-03-22 14:00:00-04:00
110+04171,I-66,WESTBOUND,25TH ST,VA,ARLINGTON,22213,38.8899,-77.1639,38.89013,-77.16417,0.021522,20.0,America/New_York,P1.3,USA,2021-03-30 14:00:00-04:00,2022-03-22 14:00:00-04:00
110N04170,I-66,EASTBOUND,US-29/VA-237/EXIT 69,VA,ARLINGTON,22213,38.88951,-77.16405,38.88709,-77.16044,0.257435,53.0,America/New_York,P1.3,USA,2021-03-30 14:00:00-04:00,2022-03-22 14:00:00-04:00
110N04171,I-66,EASTBOUND,25TH ST,VA,ARLINGTON,22213,38.89115,-77.16604,38.88988,-77.16447,0.121754,51.0,America/New_York,P1.3,USA,2021-03-30 14:00:00-04:00,2022-03-22 14:00:00-04:00
110N04172,I-66,EASTBOUND,WESTMORELAND ST/EXIT 68,VA,ARLINGTON,22213,38.8926,-77.16777,38.89142,-77.16633,0.112427,49.0,America/New_York,P1.3,USA,2021-03-30 14:00:00-04:00,2022-03-22 14:00:00-04:00
110N04173,I-66,EASTBOUND,VA-267/EXIT 67,VA,FAIRFAX,22043,38.90018,-77.18535,38.89935,-77.18257,0.160253,47.0,America/New_York,P1.3,USA,2021-03-30 14:00:00-04:00,2022-03-22 14:00:00-04:00
